{"frames":[{"filename":"enemy","frame":{"x":0,"y":61,"w":48,"h":48},"rotated":false,"trimmed":false,"spriteSourceSize":{"x":0,"y":0,"w":48,"h":48},"sourceSize":{"w":48,"h":48}},{"filename":"turret","frame":{"x":0,"y":0,"w":60,"h":60},"rotated":false,"trimmed":false,"spriteSourceSize":{"x":0,"y":0,"w":60,"h":60},"sourceSize":{"w":60,"h":60}}],"meta":{"app":"https://www.leshylabs.com/apps/sstool/","version":"Leshy SpriteSheet Tool v0.8.4","image":"spritesheet.png","size":{"w":60,"h":109},"scale":1}}